{
	"format_version": "1.8.0",
	"animations": {
		"animation.wild_sword.drawing": {
			"loop": "hold_on_last_frame",
			"animation_length": 30,
			"bones": {
				"sword": {
					"rotation": {
						"16.1667": [0, 0, 0],
						"17.75": [0, 0, 0],
						"18.0": [180, 0, 0],
						"19.0": [180, 0, 0],
						"19.25": [180, 0, -90],
						"19.5": [180, 90, -90],
						"19.5833": [180, 90, -90],
						"19.6667": {"pre": [180, 90, -90], "post": [90, 90, 180]},
						"19.75": [90, 90, 180],
						"20.0": [90, -90, 180],
						"21.0": [90, -90, 180],
						"21.25": [0, -90, 180],
						"21.5": [0, -90, 180],
						"21.5833": [0, -90, 180],
						"21.6667": {"pre": [0, -90, 180], "post": [90, -90, 90]},
						"21.75": [90, -90, 90],
						"22.0": [90, 45, 90],
						"24.0": [89.99999, 45, 89.99999],
						"26.0": [89.99999, 90, 89.99999]
					},
					"position": {
						"0.0": [0, 0, 0],
						"13.0": [0, 32, 0],
						"16.0": [0, 32, 0],
						"16.1667": [0, 53, 0],
						"17.75": [0, 53, 0],
						"18.0": [0, 53, 0],
						"19.0": [0, 53, 0],
						"19.25": [-20, 53, 0],
						"19.75": [-20, 53, 0],
						"20.0": [20, 53, 0],
						"21.0": [20, 53, 0],
						"21.25": [0, 73, 0],
						"21.75": [0, 73, 0],
						"22.0": [0, 33, 0],
						"24.0": [0, 33, 0],
						"26.0": [0, 53, 0],
						"28.0": [0, 73, 0]
					}
				}
			},
			"sound_effects": {
				"16.0": {
					"effect": "draw_sword"
				},
				"19.75": {
					"effect": "swing_sword_1"
				},
				"21.75": {
					"effect": "swing_sword_2"
				}
			},
			"particle_effects": {
				"19.75": {
					"effect": "wild_sword_stage_4",
					"locator": "locator"
				},
				"21.75": {
					"effect": "wild_sword_stage_4",
					"locator": "locator"
				}
			}
		},
		"animation.wild_sword.drawn": {
			"loop": "hold_on_last_frame",
			"bones": {
				"sword": {
					"position": [0, 30, 0]
				}
			}
		}
	}
}