{
	"format_version": "1.8.0",
	"animations": {
		"animation.wild_sword.obtain": {
			"loop": "hold_on_last_frame",
			"animation_length": 30,
			"bones": {
				"sword": {
					"rotation": {
						"16.1667": [0, 0, 0],
						"17.75": [0, 0, 0],
						"18.0": [180, 0, 0],
						"19.0": [180, 0, 0],
						"19.25": [180, 0, -90],
						"19.5": [180, 90, -90],
						"19.5833": [180, 90, -90],
						"19.6667": {
							"pre": [180, 90, -90],
							"post": [90, 90, 180]
						},
						"19.75": {
							"pre": [90, 90, 180],
							"post": [90, 90, 180]
						},
						"20.0": [90, -90, 180],
						"21.0": [90, -90, 180],
						"21.25": [0, -90, 180],
						"21.5": [0, -90, 180],
						"21.5833": [0, -90, 180],
						"21.6667": {
							"pre": [0, -90, 180],
							"post": [89.99999, -90, 89.99999]
						},
						"21.75": {
							"pre": [89.99999, -90, 89.99999],
							"post": [89.99999, -90, 89.99999]
						},
						"22.0": [89.99999, 45, 89.99999],
						"24.0": [89.99999, 45, 89.99999],
						"26.0": [89.99999, 90, 89.99999]
					},
					"position": {
						"0.0": [0, 0, 0],
						"13.0": [0, 32, 0],
						"16.0": [0, 32, 0],
						"16.1667": [0, 53, 0],
						"17.75": [0, 53, 0],
						"18.0": [0, 53, 0],
						"19.0": [0, 53, 0],
						"19.25": [-20, 53, 0],
						"19.75": [-20, 53, 0],
						"20.0": [20, 53, 0],
						"21.0": [20, 53, 0],
						"21.25": [0, 73, 0],
						"21.75": [0, 73, 0],
						"22.0": [0, 33, 0],
						"24.0": [0, 33, 0],
						"26.0": [0, 53, 0],
						"28.0": [0, 73, 0]
					}
				}
			},
			"sound_effects": {
				"16.0": {
					"effect": "draw_sword"
				},
				"19.75": {
					"effect": "swing_sword_1"
				},
				"21.75": {
					"effect": "swing_sword_2"
				}
			}
		},
		"animation.wild_sword.particle_stage_1": {
			"animation_length": 1,
			"loop": true,
			"particle_effects": {
				"0.0": {
					"effect": "wild_sword_stage_1",
					"locator": "particle"
				}
			}
		},
		"animation.wild_sword.particle_stage_2": {
			"animation_length": 1,
			"loop": false,
			"particle_effects": {
				"0.0": {
					"effect": "wild_sword_stage_2",
					"locator": "particle"
				}
			}
		},
		"animation.wild_sword.particle_stage_3_1": {
			"animation_length": 1,
			"loop": false,
			"particle_effects": {
				"0.0": {
					"effect": "wild_sword_stage_3_1",
					"locator": "particle2"
				}
			}
		},
		"animation.wild_sword.particle_stage_3_2": {
			"animation_length": 1,
			"loop": false,
			"particle_effects": {
				"0.0": {
					"effect": "wild_sword_stage_3_2",
					"locator": "particle2"
				}
			}
		},
		"animation.wild_sword.particle_stage_4": {
			"animation_length": 1,
			"loop": false,
			"particle_effects": {
				"0.0": {
					"effect": "wild_sword_stage_4",
					"locator": "particle2"
				}
			}
		},
		"animation.wild_sword.show": {
			"loop": "hold_on_last_frame",
			"bones": {
				"sword": {
					"position": [0, 30, 0]
				}
			}
		}
	}
}